{
  "korisnici": [
    {
      "id": "1",
      "email": "restoran.caballo@gmail.com",
      "password": "admin",
      "admin": true,
      "imePrezime": "Nisvet Kadrić",
      "telefon": "061 111 111",
      "adresa": "Strosmajerova 10"
    },
    {
      "id": "42fb",
      "email": "abidabiogradlija@gmail.com",
      "password": "Abida123",
      "admin": false,
      "imePrezime": "Abida Biogradlija",
      "telefon": "061 123 456",
      "adresa": "Crkvice 123"
    },
    {
      "id": "727a",
      "email": "adamirnukic@gmail.com",
      "password": "Adamir321",
      "admin": false,
      "imePrezime": "Adamir Nukic",
      "telefon": "060 3299 025",
      "adresa": "Strosmajerova 18"
    }
  ],
  "porukeKontakt": [
    {
      "idKontakt": "123",
      "imeKontakt": "Alma",
      "emailKontakt": "alma.osmanbegovic@gmail.com",
      "subjekatKontakt": "Posao",
      "porukaKontakt": "Da li Vam je potrebna radnica?",
      "id": "0cc4"
    },
    {
      "id": "5768",
      "imeKontakt": "Abida",
      "emailKontakt": "abidabiogradlija@gmail.com",
      "subjekatKontakt": "Konobarica",
      "porukaKontakt": "Trebate konobaricu?"
    }
  ],
  "Rezervacije": [
    {
      "idRezervacija": "234",
      "imePrezimeRezervacija": "Abdulah Kapetanović",
      "telefonRezervacija": "062 123 456",
      "datumRezervacija": "12.06.2024",
      "vrijemeRezervacija": "16:00",
      "brojGostiju": "2",
      "posebniZahtjevi": "Sviječe na stolu",
      "id": "3692"
    },
    {
      "id": "ce64",
      "imePrezimeRezervacija": "Abida Bio",
      "telefonRezervacija": "061 111 111",
      "datumRezervacija": "2024-06-16",
      "vrijemeRezervacija": "11:11",
      "brojGostiju": "5",
      "posebniZahtjevi": "CVECE"
    }
  ]
}